Feature,Frequency
MT-ATP6,11
HLA-A,8
ALDH1A1,4
RPL12,4
RNF113A,3
MT-CYB,3
LIME1,3
OR2T35,3
TBC1D1,3
DPM3,3
RUNDC1,3
HSPA1A,3
NKX2-6,3
AGXT,3
RPL10,3
SH3GLB2,3
RPL26,3
WBP5,3
C3AR1,3
PATL2,3
ARL11,3
UGT8,3
GAR1,2
KCNE2,2
DPYSL5,2
OR2C3,2
PIK3CA,2
DKFZP434O1614,2
KCNRG,2
FGF4,2
CIR1,2
ST6GALNAC2,2
HRCT1,2
RP11-248J23.7,2
C10orf129,2
CA3,2
TAL2,2
CHMP1A,2
CRYBA2,2
CLUAP1,2
IRAK3,2
MVK,2
LAMP1,2
EXOC3L1,2
HPX,2
OR8D4,2
TAF8,2
COX6A1,2
APOLD1,2
BMI1,2
GSTP1,2
ZNF569,2
C11orf58,2
NBPF10,2
ARVCF,2
NPB,2
PSMC2,2
CRCP,2
RPS18,2
ASB8,2
C1QTNF9B,2
SLC9A3R1,2
OR6Y1,2
AP001468.1,2
DGCR8,2
WWP1,2
PGA4,2
PPP1R15B,2
CPT1A,2
CCDC77,2
PPM1G,2
GAA,2
PIK3CG,2
RAB3IL1,2
LY6H,2
C15orf48,2
ACER1,2
ZNF337,2
DDX26B,2
SERPINA12,2
CCDC80,2
WIBG,2
DIRC3,2
ITGA6,2
TREM1,2
DNASE1L2,2
RPS25,2
CLDN19,2
RTCB,2
C6orf106,2
AKT3,2
ERBB3,2
CST4,2
CLSPN,2
RP11-1012A1.4,2
ANKDD1B,2
SEPT5,2
GALNT4,2
DCAF4L1,2
CIRH1A,2
NRAP,2
DHH,2
UBA52,2
PDZK1IP1,2
TSPO,2
LONP2,2
RPL35,2
GUK1,2
EIF2D,2
PIGZ,2
MPPED2,2
FIZ1,2
IFNL1,2
KIAA0825,2
TRIM41,2
MAP1LC3B2,2
RNASE7,2
OR6F1,2
SLC39A13,2
ZNF765,2
FAM71F1,2
ZDHHC17,2
PDILT,2
UBL5,2
GRXCR1,2
MTSS1L,2
DCAF8L1,2
CREM,2
RFWD3,2
CBFB,2
KIAA1456,2
KIAA0355,2
ZNF800,2
AKTIP,2
DEFB4A,2
TMUB1,2
ARHGDIA,2
MYL7,2
SLC45A3,2
SLCO1A2,2
PPHLN1,2
TUBB2B,2
PARS2,2
RXFP2,2
IQGAP3,2
CLC,2
NLRP8,2
RNF103-CHMP3,2
TRUB2,2
CABP5,2
SLITRK1,2
FAM53A,2
RP11-96O20.4,2
C11orf1,2
GGT5,2
FAM21D,2
SCGB3A2,2
TBC1D29,2
HIPK1,2
WDR33,2
SLX1A,2
CLDN18,2
NLGN4Y,2
NOP2,2
HSPA2,2
DMAP1,2
RP11-295D22.1,2
TOP3B,2
ZMYND15,2
FARSB,2
ELL,2
TEX38,2
LINC00346,2
C9orf129,2
PDK1,2
HTR3A,2
PRELID1,2
RP11-410N8.4,2
CHPT1,2
PRPF40B,2
SSR3,2
HLA-DRB1,2
NDNF,2
PRAMEF2,2
IP6K3,2
NUDT16L1,2
SH3BGRL3,2
RFPL4B,2
PPM1B,2
SLC7A13,1
HIP1,1
SMCO1,1
SKA1,1
SIRT7,1
HIST1H3E,1
LARP7,1
SH2D2A,1
KLRC3,1
LIAS,1
CNBD2,1
CRTC2,1
DKFZP667F0711,1
EP400,1
LCOR,1
FAM215A,1
RP11-123K3.4,1
FAM72A,1
GPR75,1
KIAA0232,1
PCSK1,1
PLCD4,1
RAB12,1
SOX11,1
ZNF891,1
GUCY1A2,1
SUSD3,1
LMO3,1
MYEOV2,1
EVI5L,1
OR5D16,1
ETF1,1
CYP2S1,1
PRKAA1,1
PTMA,1
CUEDC2,1
COG7,1
RCBTB2,1
CCDC137,1
RNF212,1
SCYL1,1
CARD18,1
SLC6A18,1
SNX20,1
ITGAX,1
FAM19A3,1
GPR89A,1
ANKRD36C,1
TMEM105,1
ZNF48,1
GAGE2A,1
C3orf20,1
FAM25G,1
AC009403.2,1
ADH1B,1
API5,1
FOXA1,1
APIP,1
ATRNL1,1
BBS9,1
BCL2L15,1
CEP68,1
CPNE6,1
EHBP1,1
CEACAM4,1
LRRC31,1
BHMT2,1
CA14,1
HTR2C,1
KRTAP12-2,1
LRRC27,1
NAGS,1
OR2G2,1
PAN2,1
PRKACA,1
RDH14,1
SIGLEC1,1
STAT2,1
STK24,1
TUBB,1
VCAN,1
ANKFY1,1
C12orf4,1
HLA-DQA2,1
HEATR4,1
GPATCH2,1
BRWD3,1
TPSG1,1
TRPC4,1
AC073528.1,1
TXNDC2,1
VCP,1
WAC,1
BTG2,1
FBXO2,1
C10orf35,1
C2CD2,1
CATX-2,1
CDIP1,1
CENPL,1
CTB-129P6.11,1
C5orf63,1
ZHX2,1
LRRC15,1
CPNE9,1
RPIA,1
SERINC1,1
RAE1,1
SH2B3,1
SLC38A7,1
PDZD9,1
SNRPA,1
TOPAZ1,1
WDR93,1
TOMM5,1
NUDT22,1
AL139147.1,1
ANP32E,1
ARL10,1
MYRF,1
REEP4,1
STK38,1
ORMDL3,1
GOLGA8O,1
VSIG1,1
VPS72,1
CXCL5,1
F2RL3,1
FRMD3,1
GCLM,1
IRF2BPL,1
NXPE2,1
KCTD6,1
TAS2R19,1
LIN52,1
MKRN2,1
NEUROD2,1
NT5C1A,1
PDE12,1
FRG2C,1
UBE2G1,1
TRIM49D1,1
ZNF200,1
CIC,1
AK8,1
CCDC62,1
C11orf45,1
ARPC2,1
C12orf65,1
CD28,1
CHEK2,1
CLDN1,1
CRYBB3,1
EBLN1,1
FOXK2,1
GLT6D1,1
GRM6,1
CYP2E1,1
TBC1D17,1
LARP1,1
SPIDR,1
DOK6,1
FAM60A,1
GAGE10,1
GFOD2,1
FGFR1OP,1
GJB4,1
KRTAP19-6,1
ECHDC3,1
MICALL1,1
NEU4,1
PCGF5,1
PRRT1,1
DENND2C,1
RP11-661C8.3,1
SEPT7,1
KIAA1239,1
MAFK,1
DCTN3,1
ANKRD37,1
BCAT2,1
BEND2,1
BLOC1S2,1
TPP2,1
CACNG4,1
CAPN2,1
ERVV-2,1
THAP10,1
FAM3C,1
TEX12,1
FYB,1
STAB1,1
GTPBP3,1
HIST1H2AD,1
IKBKB,1
BBX,1
ZNF44,1
NAPA,1
YIF1A,1
NEUROD1,1
NME1-NME2,1
ANXA4,1
AL355490.1,1
NXPH1,1
OR11H4,1
OR2H2,1
PRR15L,1
PWWP2A,1
ZNF681,1
RBM3,1
SLC28A2,1
SPINK8,1
TGFB2,1
TTC34,1
GUSB,1
CHMP3,1
VPS18,1
NPIPB3,1
NSUN5,1
PRDM9,1
RALYL,1
SYNPO,1
STARD13,1
SHC3,1
SIRT6,1
SPSB1,1
SRSF12,1
TARS,1
TMEM68,1
ZNF292,1
ZNF720,1
ZNF786,1
RHCE,1
TAC4,1
MIER2,1
ATP8B3,1
MIA3,1
ADAMTSL3,1
AL031320.1,1
ZNF668,1
AMIGO3,1
ARFGAP1,1
CDH26,1
FRAT2,1
CC2D2B,1
ZNF543,1
ZBTB32,1
GARNL3,1
KRT19,1
LMBRD2,1
MAP3K13,1
UBE2U,1
AOC1,1
RGL2,1
CASP10,1
RABGAP1,1
REXO1L10P,1
SAYSD1,1
INTS6,1
SLC25A25,1
IL1RN,1
TAF6,1
TNRC6C,1
VOPP1,1
ZC3H4,1
AARD,1
AARS,1
C3orf79,1
CARKD,1
CASKIN1,1
IFI30,1
REV3L,1
RAB43,1
OR7G3,1
PROKR1,1
CT47A2,1
DDN,1
ETAA1,1
HLA-DPA1,1
NR2F2,1
HSPA4,1
IDNK,1
IPO8,1
MAMLD1,1
KIAA1432,1
MARCH6,1
OR52B6,1
PNLDC1,1
KRTAP9-1,1
KIAA0247,1
C11orf70,1
RC3H1,1
TMA7,1
AC139100.2,1
APOB,1
ASNSD1,1
LINGO2,1
ATP5S,1
KLHL6,1
C20orf26,1
CCDC138,1
KIAA0319,1
CCT8L2,1
CD52,1
CTDP1,1
ELOVL1,1
FAM106A,1
FAM43A,1
GGCX,1
ALDH4A1,1
MLANA,1
MGA,1
AC012493.2,1
MAP3K4,1
NIF3L1,1
OR10G9,1
PCDHB13,1
RP11-111M22.2,1
RAB4B-EGLN2,1
PDGFRA,1
RPS2,1
STOML2,1
TKTL2,1
UACA,1
WDR6,1
ZNF572,1
NYAP2,1
ABCG5,1
METTL22,1
OR5P2,1
LIG4,1
MORN5,1
NPIPA1,1
OR12D3,1
OR51B6,1
PYGM,1
TLL1,1
TMED10,1
TMEM18,1
TMPRSS11F,1
TRAF3IP2,1
VASH2,1
WDR4,1
AL603965.1,1
ALG13,1
FPGT-TNNI3K,1
ARGLU1,1
GINS4,1
LRRC8C,1
IQCF3,1
KAZN,1
RNF207,1
SPAG8,1
ZNF621,1
AL589739.1,1
ARHGDIG,1
C15orf38-AP3S2,1
CCDC129,1
CDKN2D,1
CNOT8,1
DNAJC5G,1
EGR3,1
FGG,1
GET4,1
GLTSCR2,1
HPGD,1
RP11-1407O15.2,1
KIAA2018,1
FAM90A1,1
EPC2,1
ZNRF3,1
ZYG11A,1
AL136115.1,1
AL138815.2,1
AL645608.2,1
AMTN,1
ASCC3,1
ASTN2,1
BTC,1
C1orf213,1
CRYAA,1
C7orf71,1
DDX27,1
CD163,1
DIRAS2,1
ZDHHC6,1
WSCD1,1
GSTO2,1
TMPRSS11A,1
METTL13,1
NDUFAF7,1
OR10C1,1
PDE4A,1
FLG,1
PRIM2,1
R3HDML,1
RANBP17,1
SEPW1,1
SFTPB,1
SIAE,1
SPATA21,1
SPATA25,1
STARD6,1
SUV420H1,1
F8A2,1
CCSER2,1
INO80,1
ZEB2,1
ACTN4,1
AL645730.2,1
CAD,1
CES2,1
TADA1,1
CGB7,1
STAT5B,1
COQ9,1
DDB1,1
RP11-514P8.6,1
ELOF1,1
FMNL2,1
FUT11,1
RP11-368I7.4,1
GJC1,1
ZNF853,1
USO1,1
LCN2,1
STS,1
LSR,1
MFN2,1
MROH7,1
NOL3,1
C17orf89,1
NOS2,1
OR5B17,1
VTCN1,1
PRKRIP1,1
RPL5,1
TTLL5,1
TRIB2,1
SCO2,1
SLC25A38,1
SLX4IP,1
CCDC42,1
CEACAM18,1
TCEA2,1
ARID3B,1
C11orf88,1
COMMD8,1
CT47A10,1
EXOC5,1
FAM122B,1
PPM1E,1
FAM19A4,1
FOXP1,1
PNPO,1
HRNR,1
HSPG2,1
PLBD2,1
PTS,1
PYCARD,1
OPN1SW,1
ARPC4,1
ANKRD65,1
NUBPL,1
AGK,1
HHLA2,1
JAZF1,1
NUDT16,1
NUDT21,1
PIKFYVE,1
RFC2,1
SALL1,1
SLC35A5,1
SPERT,1
USP14,1
XRN2,1
XYLT2,1
PSMD6,1
ZNF608,1
AC007773.3,1
RIMBP2,1
MC2R,1
GJB7,1
COX14,1
CTD-2528L19.4,1
FAM163A,1
KIAA1731,1
LRCH4,1
MAGEA11,1
NCDN,1
ORAI1,1
RASSF5,1
DAGLB,1
SH3BP5L,1
SLC26A4,1
SOWAHC,1
SP110,1
SST,1
CIB4,1
COX8C,1
EGFR,1
RNFT1,1
CINP,1
SCLT1,1
LGR6,1
ST3GAL5,1
SUPT16H,1
TNNI3,1
KLHL35,1
VCPIP1,1
VPS26A,1
KIAA1407,1
XKR8,1
GM2A,1
AATF,1
AC027763.2,1
AGAP2,1
AKAP8L,1
RNF185,1
FBXL2,1
CEACAM8,1
MAGEB16,1
CORO1A,1
ZC3H10,1
S100A7,1
SDCBP2,1
TMEM53,1
TESPA1,1
SPRY3,1
SYT13,1
TBP,1
TNNT2,1
WDR38,1
XRCC4,1
AC106876.2,1
ACD,1
ANKS6,1
NDUFA11,1
LILRB5,1
DCTN6,1
KRTAP9-4,1
CHODL,1
DDX21,1
DKFZP434A062,1
FAM102A,1
FAXDC2,1
FKBP5,1
ECHDC2,1
GPR115,1
IFT57,1
ITGA7,1
DYNC2LI1,1
CYP2J2,1
CYP11B2,1
KIAA0226,1
CREB3L2,1
CA1,1
TEKT5,1
DICER1,1
SLAIN2,1
WDR17,1
WWC1,1
ZCCHC2,1
AGA,1
AL589765.1,1
BHLHB9,1
C14orf64,1
C16orf71,1
C3orf17,1
ITGB1BP1,1
CCDC144A,1
RP11-826N14.2,1
CSTA,1
CSTB,1
DEPTOR,1
VCY1B,1
THBS3,1
DCX,1
SLC6A9,1
DYM,1
FAM115A,1
SUPT5H,1
KLHL18,1
MT1M,1
MUC20,1
NKX2-1,1
PITPNA,1
PRPSAP2,1
PRUNE,1
STMN2,1
RP1-27O5.3,1
SIGLECL1,1
SLAIN1,1
SLC4A4,1
C5orf64,1
AWAT2,1
LILRA6,1
FEM1C,1
TIMP4,1
ZNF780A,1
ZNF788,1
C2orf44,1
C3orf49,1
CD5,1
CHERP,1
FAM193B,1
GNPNAT1,1
ACTR8,1
GPX2,1
IFNAR1,1
ISL1,1
ITIH1,1
MIIP,1
NOX4,1
OR2A7,1
OR8J1,1
TAF1B,1
SLCO4A1,1
SLC6A4,1
RNF43,1
AL441883.1,1
C9orf173,1
CCDC159,1
CMC2,1
CNTNAP3,1
DPYSL3,1
E4F1,1
FBXO39,1
FIBIN,1
GOLGA8K,1
HTR7,1
KAAG1,1
OR10H2,1
PCNA,1
PFKFB1,1
PHYKPL,1
PLA2G7,1
PBX1,1
PLS1,1
PNN,1
GPR63,1
HAMP,1
IL12RB2,1
KLHL33,1
LRRC4B,1
LZIC,1
NARFL,1
NUPL2,1
TTC7A,1
UBXN7,1
USP1,1
VAT1L,1
ZNF254,1
AC073657.1,1
BRD3,1
BRF2,1
C10orf54,1
COL11A1,1
GTF3C5,1
GCNT3,1
RAB14,1
DNA2,1
RP11-159G9.5,1
RP11-422N16.3,1
RSPO3,1
SKIV2L2,1
TCEAL5,1
TWIST1,1
ZAR1L,1
ZFP92,1
AARS2,1
AP003774.4,1
ARFGAP2,1
CCDC104,1
CCDC40,1
CDKN2AIP,1
CLINT1,1
CUEDC1,1
DAD1,1
AL035406.1,1
ZNF862,1
LSG1,1
AC026740.1,1
MYOZ3,1
OXTR,1
POLR2K,1
RSU1,1
SENP5,1
SNX29,1
SSBP1,1
ZC3H12C,1
ADI1,1
ZBTB42,1
ANK2,1
ASB13,1
ASH2L,1
C4orf40,1
CLDN8,1
COL3A1,1
CTD-2207O23.3,1
CTD-2287O16.3,1
MCM3AP,1
KLHL20,1
HSF2BP,1
GRB7,1
USP8,1
ZNF408,1
AP001631.10,1
ARIH1,1
C22orf39,1
CDK5RAP2,1
CLN8,1
COL4A4,1
CTAGE9,1
CTC-360G5.8,1
CYP2A7,1
DLG3,1
DSPP,1
FLT4,1
G2E3,1
GOLGA8S,1
GOLT1B,1
DDX3Y,1
ENPP4,1
FAM209B,1
E2F7,1
HIST1H4F,1
INMT,1
KIR2DL1,1
KLF1,1
LGALS1,1
MTHFS,1
NHLRC4,1
OR7D4,1
PHF6,1
RP11-362K2.2,1
RPA2,1
SETD4,1
SMIM5,1
TPI1,1
TTLL3,1
TUBB4B,1
TUFM,1
EREG,1
CTXN3,1
HDAC11,1
COL9A1,1
IGSF6,1
ISX,1
LYPD5,1
MRPL12,1
NDUFA13,1
NOP14,1
PMF1,1
QTRTD1,1
SAG,1
SLC2A12,1
TIGD4,1
ZFP14,1
ANKRD40,1
ANKRD53,1
AP001350.1,1
ATP6V1C2,1
CHRD,1
DACT1,1
EPHB6,1
FADS6,1
AACS,1
PLEKHA1,1
PRSS56,1
RNASEH1,1
SYCN,1
TIMMDC1,1
UBE2G2,1
ZG16B,1
ZNF776,1
APOA1BP,1
FRS2,1
BEST1,1
BZRAP1,1
C7orf60,1
CCL4L1,1
CNDP2,1
COMMD3,1
CXCR5,1
EPB41L4A,1
PHF20L1,1
OVCH1,1
OR52N2,1
OR10A2,1
WNK2,1
XRCC6BP1,1
AC006156.1,1
BTN3A2,1
C14orf105,1
C19orf59,1
C5orf30,1
C5orf45,1
C6orf203,1
CTD-2117L12.1,1
DST,1
GLG1,1
ITPR3,1
MAP1A,1
MTNR1A,1
NMT2,1
NUDT6,1
FAM65C,1
IGFL2,1
LYPD6,1
GPR6,1
IFI6,1
LBP,1
LIMS3,1
LSM5,1
MORN4,1
MTFMT,1
OSER1,1
PNMAL1,1
PPP1R1A,1
PRNT,1
RERE,1
RPTOR,1
SMIM22,1
SPAG11B,1
TP53TG3C,1
TRPV2,1
ZNF441,1
GSTT1,1
GDI2,1
MPPED1,1
GAD2,1
PRSS8,1
PTPRA,1
RRAGB,1
SAP25,1
SLC10A2,1
SLC25A53,1
SNTB1,1
ST6GALNAC3,1
STAT6,1
TMEM218,1
ZNF562,1
ZNF705A,1
AES,1
ALDOC,1
AQP5,1
DPYSL2,1
DSG1,1
VGLL1,1
TSPAN7,1
TIE1,1
CKM,1
IFRD1,1
IGF1,1
IP6K2,1
NDP,1
OR1A1,1
OTUB1,1
PPFIA3,1
RAB11FIP3,1
SNURF,1
SPIC,1
STOML3,1
TOX,1
UBB,1
ZFP82,1
ZSCAN30,1
ACE,1
ANAPC16,1
FOXR2,1
CD37,1
CALCRL,1
CBX7,1
HACE1,1
HEATR2,1
HOXB1,1
IFNA8,1
ITFG3,1
MBD3L1,1
MLH1,1
OR51F2,1
R3HDM1,1
SFTA2,1
SMARCA5,1
SOWAHD,1
ZFAND1,1
AC004817.1,1
AMH,1
BASP1,1
CACNA2D1,1
BLOC1S4,1
CCDC74A,1
TCHP,1
AL356215.1,1
C6orf52,1
C9orf89,1
CA8,1
CORO2A,1
ERLIN2,1
GYG2,1
LMTK3,1
LRTM1,1
MST1,1
NUPR1L,1
PFKFB2,1
POLR2H,1
PRR12,1
RPRD1B,1
RSPH3,1
SH3BGRL,1
SIX3,1
ATPIF1,1
ADGB,1
DAGLA,1
AC002553.1,1
EPS8,1
FAM133B,1
FAM46D,1
GCOM1,1
GPR84,1
GRIK1-AS2,1
IDH1,1
KIAA1462,1
LRPPRC,1
PRELP,1
RTN3,1
SCAMP4,1
SEMA4B,1
SLC22A1,1
SLC23A3,1
TTPA,1
ZNF512B,1
UIMC1,1
TYW3,1
TRRAP,1
WDR36,1
PDCL3,1
PRKAR2A,1
PTPRM,1
RAPSN,1
RP11-219B4.5,1
TAB1,1
TGM6,1
UPF2,1
ACP1,1
AOX1,1
ARL13B,1
CHD9,1
CTSH,1
CYP1A1,1
CYP26B1,1
DGKH,1
DHX36,1
DMRTA2,1
OR13C8,1
NPY2R,1
MGAM,1
L3MBTL3,1
RPL8,1
SLC27A1,1
SP4,1
UBE2QL1,1
AGT,1
ANP32B,1
ARHGAP4,1
B3GNT6,1
CLEC18C,1
CPXCR1,1
CTSD,1
EPX,1
FAM178B,1
FER1L6,1
FOXE1,1
HIST1H3B,1
KHDC3L,1
EIF2B1,1
FKBP1B,1
GEM,1
GALNT11,1
KRT8,1
MAPT,1
MYOT,1
OLIG3,1
OR9A2,1
OSTC,1
PDCD4,1
PPP1R14C,1
RP11-116D17.1,1
RP11-685N3.1,1
SENP8,1
SSB,1
TREX1,1
TRMT2B,1
USP17L15,1
WDR44,1
ZNF736,1
GALNTL6,1
FAM159B,1
HIST1H3J,1
CNTN5,1
KIAA1211,1
KRT38,1
LY6D,1
MAN1A1,1
MRPL52,1
PHF1,1
PLA2G2F,1
SPINK4,1
TDRD5,1
ZNF557,1
ZNF714,1
ALDH6A1,1
ARHGAP36,1
AVPR2,1
C17orf74,1
C17orf82,1
CDCA5,1
RASGEF1A,1
RAB39B,1
RAB34,1
MAGEF1,1
MTA2,1
PEG3,1
PLK5,1
PRH2,1
PTP4A3,1
RAD9A,1
RTN1,1
SEPHS2,1
SH3BP1,1
SLC2A9,1
SLC44A2,1
SYCP3,1
VRK2,1
ZNF689,1
AL353698.1,1
BTBD16,1
DONSON,1
MMP10,1
LYNX1,1
FASTKD3,1
LIPK,1
MAGEA3,1
MESDC1,1
PSMB9,1
RP11-94B19.4,1
SKIV2L,1
SKP1,1
TAF13,1
TBXA2R,1
TRPM1,1
AP002353.1,1
ARL2BP,1
AVPR1B,1
C2orf54,1
CLEC3A,1
FAM161B,1
FAM57A,1
ITIH3,1
FAM20A,1
FMO6P,1
PRPF38A,1
C7orf25,1
CILP2,1
CKMT1B,1
DDHD2,1
ENO2,1
FPR2,1
FXYD4,1
GOLGA1,1
GPS2,1
KIAA1549L,1
LRCH2,1
MC3R,1
NSF,1
OR1F1,1
OR1L8,1
OR4C6,1
PITX3,1
PREB,1
CD7,1
ZSCAN22,1
GIP,1
ZNF446,1
HMGXB3,1
IPO11,1
SLC35D2,1
KCTD5,1
LACE1,1
MSL2,1
NLGN3,1
NME5,1
PRSS22,1
RNF39,1
RP1-309K20.6,1
RSPH6A,1
SAPCD2,1
SNX25,1
STRIP2,1
TENC1,1
UBE2Q1,1
AL355149.2,1
AQP12B,1
TCERG1L,1
PTPN23,1
IRF2,1
KDM4A,1
NAAA,1
NEUROG2,1
NXPH2,1
OR10G6,1
PDCD1LG2,1
PRND,1
SLCO3A1,1
CHI3L1,1
TMEM107,1
TMEM52B,1
TNKS1BP1,1
TRIM32,1
TSC22D4,1
UBA7,1
UBAC1,1
ABCC12,1
HHLA1,1
ESRRA,1
ECH1,1
DRG1,1
OR13C3,1
PCDHB11,1
PGK2,1
PLCB2,1
PRR20C,1
RIC8B,1
RP1,1
RP11-215A19.2,1
SIAH1,1
URGCP,1
ZCRB1,1
ZNF41,1
AC005544.1,1
AC145676.2,1
ANKRD13A,1
ANKRD29,1
CAPN3,1
AL596220.1,1
BAALC,1
C18orf32,1
CYP21A2,1
FABP1,1
FITM1,1
FLNA,1
GAS7,1
GORASP2,1
GRIPAP1,1
IQGAP2,1
KCNQ5,1
KRT82,1
MS4A4E,1
NDUFB3,1
OR6T1,1
PIGS,1
PRR20B,1
RPA4,1
SLC30A5,1
TBC1D9B,1
ELK4,1
CCDC54,1
CLECL1,1
ZNF213,1
EAF1,1
FAM195B,1
FGD3,1
FGF23,1
FOXN3,1
GRHPR,1
GSTM5,1
HTATIP2,1
IL22,1
LRIG3,1
OGFOD1,1
POC1B,1
SDC4,1
SELRC1,1
SLTM,1
TFF1,1
TRPM7,1
MBD3L2,1
ITGB7,1
FXYD6,1
UVRAG,1
AAED1,1
ANO8,1
ARHGEF4,1
CD2BP2,1
CEP192,1
CHKB-CPT1B,1
CKS2,1
CNIH1,1
CRABP2,1
HIST1H3G,1
INADL,1
KHDRBS2,1
MRPL38,1
OR1J4,1
PDHA1,1
SI,1
SLC17A8,1
ZBTB7C,1
UBE2B,1
SMIM4,1
THNSL2,1
DDAH1,1
DEXI,1
HSPBP1,1
KRTAP22-1,1
MAP2K1,1
MAPK8IP3,1
MTTP,1
NEK2,1
NR2F6,1
OR10A5,1
PREPL,1
PSMD12,1
RNF220,1
SBP1,1
SSR2,1
ST7L,1
TAPT1,1
SLC34A1,1
STEAP1B,1
FHOD1,1
PAX9,1
PROK1,1
RBM18,1
TIA1,1
TULP4,1
VIM,1
WDR54,1
XPO7,1
ZBTB20,1
ZNF777,1
AP3S2,1
APBA2,1
B9D1,1
C14orf159,1
C14orf177,1
C15orf61,1
FFAR3,1
FGF3,1
PLAC8L1,1
MRPL2,1
TBL1XR1,1
MMP28,1
TMEM206,1
UBE2J2,1
UBQLN2,1
YARS2,1
ZNF280D,1
ZNF431,1
AC012123.1,1
AL645608.1,1
CPVL,1
DDX50,1
GPAA1,1
HPCAL1,1
HPS4,1
HTR3E,1
JOSD2,1
KHDRBS1,1
MAGEE1,1
KCNC4,1
ANKRD61,1
SH3YL1,1
SLC25A31,1
SRSF9,1
TIPRL,1
UGT2A2,1
VGF,1
VKORC1L1,1
WFDC8,1
AC010336.1,1
ACTC1,1
ANKRD35,1
AP001888.1,1
ASNA1,1
BCR,1
BLM,1
CST8,1
DDX60,1
EML2,1
EPRS,1
SLC37A1,1
RWDD4,1
REM1,1
RPAP3,1
THOC5,1
TRIM9,1
ACPP,1
ARSH,1
ATOH1,1
BST2,1
CEP152,1
CYP2U1,1
GPR128,1
HACL1,1
IFNW1,1
KHNYN,1
LHPP,1
LYRM2,1
MAP4K5,1
MSRB3,1
OR52E4,1
F11,1
FRS3,1
GLO1,1
IFNAR2,1
CSPP1,1
ELN,1
GPC5,1
GRIN2A,1
KIAA1324,1
MANF,1
NUF2,1
PDP1,1
QPRT,1
RAB6C,1
RCC1,1
RHPN1,1
RP11-664I21.6,1
SNX11,1
TAS2R30,1
TRIM39-RPP21,1
WFIKKN1,1
CLIC6,1
CAMP,1
BACE2,1
SLC35F1,1
ISOC1,1
OR12D2,1
PLEKHG5,1
POU2F2,1
PPFIBP2,1
PPP3CA,1
RP11-503N18.3,1
SOBP,1
ATHL1,1
SUGP2,1
SUMF1,1
ZNF282,1
ZNF425,1
ZNF487,1
AC021860.1,1
AL627171.1,1
TEX101,1
SPINK2,1
SH2D7,1
DNAJC8,1
POTEJ,1
ROMO1,1
SCN4A,1
SDHAF1,1
SFRP2,1
SLC30A9,1
TGM7,1
UBFD1,1
WDFY4,1
WDR88,1
ZNF680,1
ZSWIM5,1
B3GNT7,1
BORA,1
DAPL1,1
DCAF5,1
DDX4,1
PFKM,1
PCDHB3,1
PACS1,1
CBLN4,1
ST3GAL3,1
SYPL2,1
TNFRSF10A,1
TSHZ1,1
AC090673.2,1
AKNA,1
AL592284.1,1
CCL14,1
OR6V1,1
FAM24A,1
GLIS2,1
HLA-E,1
MCPH1,1
MRFAP1L1,1
NIPAL4,1
NXT2,1
DIS3,1
ENDOD1,1
SEC63,1
HEBP1,1
COL24A1,1
CTD-2021H9.3,1
DCAF7,1
DNAH8,1
ERAP1,1
FAM150B,1
FNDC9,1
GBA,1
GTPBP2,1
KIF26A,1
KIRREL3,1
LMCD1,1
NLRP3,1
PHLDA1,1
PIAS2,1
POLR3K,1
PPP2R5E,1
CLEC2D,1
ATMIN,1
AGO4,1
RP11-385D13.1,1
HRASLS5,1
NACA2,1
NELFA,1
P2RY12,1
PBXIP1,1
RFK,1
RP11-1085N6.3,1
RPP40,1
ZNF812,1
SERPINB7,1
SGCG,1
SLC35G6,1
SNAI2,1
TRMT10C,1
TSTA3,1
WRB,1
ZC3H13,1
ZNF281,1
AC026461.1,1
SAV1,1
ANKMY1,1
ATG9A,1
C17orf112,1
CD83,1
DNAH17,1
EIF2B5,1
EPPIN,1
FOXR1,1
GPR143,1
GRM5,1
LACRT,1
LATS2,1
MTX1,1
PARM1,1
PDS5A,1
PRRG4,1
PTPN11,1
ACOT12,1
ZNF335,1
UBE2J1,1
NUDT12,1
GGH,1
HM13,1
ITPRIPL1,1
LCLAT1,1
LILRB3,1
MOV10,1
NSUN4,1
OR6C70,1
SLC43A1,1
PTPRE,1
RAD23B,1
RFC4,1
SETD7,1
SETDB2,1
SLC22A6,1
SLC25A16,1
PTRH1,1
SERPINA4,1
C16orf54,1
SLA,1
RGMA,1
RP11-934B9.3,1
TFDP3,1
ZNF283,1
AC104667.3,1
ADRA1D,1
APLN,1
ATXN7L3B,1
C5orf34,1
CABP1,1
CCDC170,1
CDY2B,1
CH25H,1
CLPSL2,1
DEFB113,1
DTD1,1
FDFT1,1
RBM17,1
PRRT3,1
PHKB,1
CCNI,1
STOM,1
TMEM229B,1
AC004824.2,1
AL583828.1,1
ANKRD34B,1
C11orf57,1
C20orf187,1
CLPTM1,1
OTOR,1
EXO5,1
FLT1,1
FOXRED2,1
LY6G6D,1
MBD3,1
NGDN,1
OR5L1,1
CCDC173,1
APOC3,1
CCDC73,1
NFIX,1
RASEF,1
SLC35G3,1
UBE2D3,1
WDR64,1
YIPF5,1
ABCA12,1
CASZ1,1
CEP120,1
CTC-241N9.1,1
EFCAB14,1
GPR182,1
GPR19,1
GPRC5A,1
GSTM3,1
LAPTM4B,1
LCE1D,1
LEMD2,1
POTEI,1
PKP2,1
PCNXL3,1
HAPLN1,1
CEP250,1
CRBN,1
CYP11B1,1
FAHD1,1
FGF6,1
GOLGA7B,1
H1F0,1
HDHD2,1
MAEL,1
IL32,1
IL7R,1
IRG1,1
JMJD7,1
KCNA3,1
KCNT1,1
LRG1,1
LMNB2,1
NPDC1,1
AP4B1,1
NQO2,1
HECTD2,1
HNF1A,1
KRT31,1
LHFPL4,1
NUDCD2,1
OAS3,1
OSGIN1,1
P2RX6,1
PADI2,1
PRSS16,1
PTCH1,1
RAPH1,1
RRBP1,1
TARS2,1
ZNF581,1
AC111200.1,1
AL626787.1,1
GRIN3A,1
GREM1,1
ELANE,1
TXNRD3,1
PCDHA8,1
PCDHGA12,1
PLK1,1
PSMD11,1
RPS20,1
SCN3B,1
TNFSF13B,1
VRTN,1
DUSP9,1
ABL2,1
ADPGK,1
AKAP12,1
ALS2CL,1
C4orf3,1
DEFB135,1
DNAJA4,1
SPECC1,1
RP11-542P2.1,1
RP11-1167A19.2,1
MACROD1,1
SSBP4,1
TBC1D31,1
UGT1A8,1
USF1,1
ZNF407,1
AC119673.1,1
ACYP1,1
AL357673.1,1
BCKDHB,1
BRMS1L,1
CD93,1
EI24,1
ERH,1
FAM188B2,1
IFIT2,1
INPP5J,1
ISG20,1
SNX17,1
RWDD2A,1
RP11-152F13.10,1
GALNTL5,1
ANKRD44,1
CD3D,1
CTC-479C5.12,1
CTU1,1
ESPNL,1
FAM212B,1
FAM220A,1
GUCA2A,1
OR2H1,1
HRASLS2,1
IHH,1
INMT-FAM188B,1
KRTAP1-5,1
LYG2,1
MBOAT7,1
MCTP1,1
LDB1,1
MYBPHL,1
ABCA6,1
NQO1,1
IL1RAPL2,1
LRIG1,1
MYH3,1
ODF3L1,1
PAX2,1
PGLS,1
POU3F2,1
PTGS2,1
PTPN5,1
RNF19B,1
SRPK2,1
TMEM170B,1
ZKSCAN5,1
ZNF330,1
ASF1B,1
DNAH2,1
DNAJC21,1
HIPK4,1
FCGR3B,1
FAM84A,1
ZMYM6,1
PDGFA,1
PNPLA1,1
PPAPDC1B,1
SIN3A,1
SMIM21,1
TFDP1,1
TMEM14A,1
ABHD5,1
DKK4,1
ANKLE1,1
BMX,1
CAB39,1
CCNG2,1
COTL1,1
CREBZF,1
DHX33,1
AC002472.13,1
ZNF442,1
FAM73A,1
GABRD,1
TNNC1,1
UNKL,1
UROC1,1
ZNF391,1
ZSCAN12,1
ADCY10,1
ADRBK2,1
BIVM,1
BMPR2,1
C9orf69,1
CACUL1,1
CLDN17,1
COQ7,1
CRIPAK,1
CUL1,1
DCLRE1B,1
DHRS4-AS1,1
TMEM173,1
TBK1,1
SSR4,1
FBXL5,1
CASC10,1
CRYGD,1
CTD-2192J16.24,1
DDT,1
DEFA1B,1
EFCAB8,1
EIF3M,1
KLF5,1
SLC15A5,1
LCN10,1
LYZL2,1
MBOAT2,1
NDST3,1
PELP1,1
PLGLB1,1
PPP1R9A,1
FAM177B,1
GMNC,1
TXNRD2,1
GTPBP6,1
CLK4,1
CLTB,1
DGKD,1
LEPRE1,1
MCTP2,1
OR14C36,1
POTEM,1
PPM1K,1
S100A12,1
S100G,1
SLC27A6,1
STAM,1
SUN1,1
TBX15,1
TCF12,1
TEX26,1
TP53I11,1
CASS4,1
C21orf58,1
C19orf71,1
QKI,1
MRPS14,1
NOP9,1
NSMF,1
NTNG1,1
OR52E6,1
PNPLA3,1
PPP1R37,1
RP11-77K12.1,1
ANKRD50,1
SIRPA,1
SOGA1,1
STX16,1
TMPRSS11BNL,1
UBE2Z,1
ADAMTS12,1
ALOX5,1
ETV4,1
FAM8A1,1
RBM25,1
AC003005.4,1
CLGN,1
CSF1R,1
CSMD2,1
HERC2,1
HSD17B12,1
LAMA3,1
LSAMP,1
MINK1,1
OXGR1,1
P4HA3,1
PTGDR2,1
RP11-210M15.2,1
SLAMF9,1
SLC34A2,1
SPTBN1,1
TAS2R38,1
TTC30B,1
CCDC83,1
CCDC169-SOHLH2,1
CAV2,1
TMEM25,1
SAA1,1
SAR1B,1
SDF2,1
SOX21,1
SPACA4,1
SPHAR,1
TCTN3,1
TMEM67,1
C2orf73,1
TRIM74,1
XG,1
ZNF585A,1
ANXA8L2,1
AP000350.4,1
ATP11B,1
C20orf78,1
AADACL3,1
AL162431.1,1
RP1-127H14.3,1
CHMP4C,1
BLOC1S5-TXNDC5,1
CCBL2,1
DECR1,1
ETV3,1
FAM98B,1
IMPA1,1
KCNJ5,1
KRT9,1
LCMT1,1
MADD,1
MPST,1
MYO15A,1
NUP155,1
PCDHGA11,1
PCOLCE,1
PDPR,1
PLK3,1
ASGR1,1
ANXA6,1
ZNF672,1
IQCK,1
COL9A2,1
DERA,1
DSCR8,1
EPM2A,1
GNL2,1
HNRNPUL2,1
IGDCC4,1
KIAA0141,1
TACSTD2,1
LRRK2,1
MAP2K2,1
PLA2G12B,1
PLEKHH1,1
RPS6KA5,1
SEMA5B,1
SLC24A1,1
RPL36,1
PTCHD1,1
FOLR1,1
RASSF8,1
CHIC2,1
CLN6,1
IL11,1
KCNV2,1
KIAA0513,1
KLHL13,1
LEPROTL1,1
LRRC8A,1
MANEAL,1
MCM4,1
MYOC,1
NFS1,1
PABPC4,1
PCDHB17,1
PCYOX1,1
PKD2L2,1
POLE4,1
CDKL2,1
ACTRT2,1
ZNRF4,1
PPP1R16B,1
IQSEC2,1
KBTBD4,1
KCNT2,1
OR1J2,1
OR52M1,1
PIK3CB,1
PLGLB2,1
SNAP91,1
ZNF256,1
SRPK1,1
ST6GALNAC1,1
TFF3,1
TXLNG,1
UTP11L,1
XXYLT1,1
ZDHHC4,1
PPWD1,1
SP7,1
PFN1,1
TF,1
SCG5,1
SESN1,1
SF3B4,1
SLC51A,1
TADA2A,1
TMEM38B,1
VPS37C,1
ACSL1,1
AP001024.2,1
C3orf52,1
CBX1,1
CX3CR1,1
CYP2C8,1
EIF5A,1
ITLN1,1
MRPS36,1
NRROS,1
RUFY4,1
PROL1,1
MS4A4A,1
C17orf99,1
TGIF2-C20orf24,1
TRIM66,1
ABCA3,1
ACADSB,1
AHCTF1,1
BZW2,1
C15orf32,1
C3orf14,1
LYRM7,1
DCLK2,1
GDE1,1
ING1,1
KIAA0408,1
KLF8,1
KRT222,1
LAP3,1
GLB1L2,1
ICAM5,1
MEIG1,1
TMEM31,1
EIF4E,1
FAM229A,1
GEMIN8,1
GLYCTK,1
GRPR,1
GSC2,1
HABP4,1
HBEGF,1
HHEX,1
HLA-C,1
KEL,1
LARS2,1
LTA4H,1
LYZL6,1
MRO,1
RAB35,1
RP11-169F17.1,1
EIF3K,1
CLEC2A,1
C9orf152,1
SIK1,1
MSC,1
PPAP2B,1
PRKCB,1
PRMT8,1
RAB24,1
REEP5,1
RHOU,1
SPHK1,1
B4GALT5,1
TAOK2,1
TRIM5,1
ZFAND6,1
ZNF133,1
ZNF530,1
ZNF589,1
AC068039.1,1
RPRD2,1
UBASH3B,1
METTL20,1
XAGE3,1
RPS6KB2,1
SPDYE4,1
WARS2,1
WISP2,1
ZFPL1,1
ZNF829,1
AC012313.1,1
AMY1C,1
APOC4,1
BHMT,1
BTNL3,1
C11orf82,1
C7orf65,1
C9orf116,1
CENPW,1
GJB6,1
GTF2A2,1
RP11-219B4.6,1
RABEP2,1
POLR3D,1
JAGN1,1
AC002472.1,1
AK7,1
APOO,1
C10orf99,1
C3,1
ECI2,1
GLYATL3,1
KIAA0586,1
PLA2G15,1
LRRC25,1
LRRC53,1
LY6G5B,1
ODF4,1
ORAI2,1
PABPN1L,1
PHACTR3,1
MIPOL1,1
KDM6A,1
IFI16,1
TC2N,1
CCDC167,1
DDX11,1
FLOT1,1
FNDC1,1
GAPDH,1
GP1BA,1
HMGN5,1
HSCB,1
INO80D,1
JPH2,1
LHX1,1
LSMEM2,1
ORM1,1
OSR2,1
POLR2G,1
PPIAL4A,1
PRY,1
C6orf47,1
C4orf32,1
ARSB,1
PGAM2,1
KRTAP3-3,1
LUZP2,1
NOL8,1
NPFFR1,1
NPS,1
OR2L2,1
OR56A4,1
PHF10,1
ANKRD33,1
PLAGL1,1
POLA1,1
PRL,1
PRSS21,1
SLC25A43,1
SMPD1,1
STRC,1
SLC39A6,1
TICAM1,1
GNG11,1
TMEM246,1
PLA2G6,1
POLR2C,1
PPP3R2,1
RAET1E,1
SAMD4A,1
SNX7,1
TCEB3CL,1
WDR34,1
ZNF229,1
ZNF416,1
AC003102.1,1
AKR7A3,1
ANKRD7,1
BAG4,1
C5orf60,1
DHCR7,1
FAM71E1,1
ODF1,1
MLH3,1
LIN28B,1
CTAGE4,1
TSPAN3,1
VGLL3,1
AIDA,1
AL162424.1,1
C3orf72,1
C9orf41,1
COX4I1,1
CXADR,1
LETM1,1
DOCK4,1
FRMPD3,1
GPLD1,1
GPR137B,1
INPP4B,1
KRTAP9-2,1
LCT,1
HESX1,1
KAT2A,1
GMPPA,1
ATP1B4,1
PER1,1
PRDM15,1
PRPF18,1
RFTN1,1
RMND1,1
SERINC2,1
SHROOM1,1
SLAMF6,1
SMCHD1,1
SMG7,1
SOX1,1
STRADB,1
TFG,1
TRAM1,1
TRIM4,1
UBBP4,1
UHRF2,1
MAGEA4,1
KCNIP3,1
IFT27,1
THOC3,1
MXD3,1
NRARP,1
PALM3,1
PEX3,1
RP11-676J12.7,1
SERAC1,1
SSH1,1
ZNF517,1
HDAC7,1
ACTN1,1
AHSA2,1
CACNA1E,1
CABLES1,1
CALML4,1
COPZ1,1
DLGAP4,1
ATL2,1
B3GALNT2,1
MARK4,1
BCAR3,1
SLC7A11,1
SRCIN1,1
TSPAN11,1
TTC6,1
ZCCHC16,1
AKR1C2,1
ANKS4B,1
EBPL,1
FAM69B,1
GPR85,1
H1FOO,1
LSM10,1
MAG,1
MTMR10,1
NPTX2,1
OR10H5,1
PRR20A,1
SCGB1D4,1
RNF150,1
RAD52,1
FAM110D,1
BCL2L10,1
C19orf35,1
CCDC79,1
CDRT15,1
CEND1,1
CRYGA,1
CSF2RA,1
GLIS1,1
RAB3A,1
HIST1H2AB,1
HSPA14,1
METTL14,1
MGC4771,1
NKAIN4,1
PIK3R3,1
PSENEN,1
MS4A10,1
LTBP3,1
KCNB2,1
AC022498.1,1
FSCN3,1
HNRNPH3,1
ITGB6,1
KIAA0368,1
LRRC43,1
LY6K,1
MAP7D1,1
MARCH3,1
MRPS34,1
NKRF,1
OR10S1,1
OR5D18,1
PIN4,1
PLEKHG6,1
TPH2,1
TRIM14,1
ZDHHC21,1
EIF3J,1
CNOT3,1
CDKN1C,1
TFPI,1
KLHL12,1
OXNAD1,1
PRPF38B,1
RBCK1,1
RFXAP,1
STX7,1
TESK2,1
TMPRSS6,1
ARHGAP22,1
TRAPPC4,1
VARS,1
VCAM1,1
AC008948.1,1
ACSS2,1
AMICA1,1
APBA1,1
ABRACL,1
BTG4,1
INPP5D,1
C7orf69,1
TPTE2,1
AC008372.1,1
AHDC1,1
AMBN,1
ANKRD45,1
ATXN7L2,1
C11orf83,1
C9orf3,1
CBWD1,1
CPLX4,1
DYNC1I1,1
EFCAB9,1
FAM131C,1
FAM153A,1
HNRNPUL1,1
IFNGR2,1
ILDR2,1
TFB1M,1
TBX21,1
TBC1D23,1
KRTAP19-2,1
CD247,1
CLDN14,1
CLEC4D,1
CSNK1D,1
CTB-50L17.14,1
FAF2,1
KANSL1,1
KRTAP8-1,1
SLC27A5,1
MACF1,1
MLX,1
NBPF3,1
NOVA2,1
OR56B3P,1
RFX7,1
SCNM1,1
GPR157,1
FXYD6-FXYD2,1
MOB1B,1
C6orf99,1
MYO9B,1
OTOS,1
PCNXL2,1
PDE9A,1
PGM2,1
PRIMPOL,1
REP15,1
SIGLEC14,1
SLC12A8,1
ST6GAL2,1
TGFBR3,1
TRIB3,1
TXNL4B,1
ZNF688,1
AC006967.1,1
ALG11,1
ARL16,1
MADCAM1,1
MAB21L1,1
KRTAP1-4,1
BEND5,1
SLC52A3,1
SYNJ2,1
TROAP,1
UEVLD,1
URM1,1
ZBED4,1
AKAP1,1
C17orf67,1
IFNB1,1
CD164,1
CEP128,1
DGCR2,1
DNAJC27,1
DSE,1
EIF3B,1
HHIPL1,1
ASAH2C,1
CSNK1G2,1
PPP4R1,1
CTD-2162K18.4,1
ANKRD24,1
C15orf52,1
C6orf222,1
CCDC113,1
CD300LD,1
DDA1,1
EMID1,1
EPAS1,1
EVC,1
FAM111A,1
FPGT,1
GGTLC1,1
GLUD1,1
HCN2,1
HTR1E,1
ISM1,1
MMP7,1
AGPAT3,1
ZNF678,1
USP9X,1
MUCL1,1
CTSG,1
FBXO17,1
HIST1H2BK,1
IGFBP3,1
ITPRIP,1
MAP1LC3A,1
MTX2,1
OLA1,1
TUBGCP3,1
OR52I2,1
OR6C4,1
PDIA5,1
RP11-321F6.1,1
RTTN,1
STPG1,1
TRIM10,1
RP11-1055B8.6,1
PADI1,1
PLXNC1,1
CRTAC1,1
GPX6,1
H6PD,1
KCTD21,1
LAIR2,1
LILRA3,1
MAGEB2,1
PEPD,1
PHF11,1
PLA2G3,1
PTHLH,1
SCN9A,1
SLC23A1,1
SLC35B3,1
TERF2IP,1
ZNF302,1
AC027307.3,1
CASR,1
EDF1,1
DAB2,1
COMMD3-BMI1,1
SPRYD4,1
MS4A7,1
OR51V1,1
PGRMC2,1
PRPH2,1
PSTPIP2,1
RNF123,1
SCAF8,1
TPH1,1
COA1,1
TTPAL,1
ZDHHC22,1
ARHGAP5,1
ASCC1,1
BAIAP3,1
CAMK2N2,1
CDAN1,1
CEP97,1
DAO,1
NXF5,1
DDIT4L,1
WFDC12,1
AC062017.1,1
C16orf58,1
C1orf145,1
COL4A3,1
CRLF2,1
DGAT2,1
FRAT1,1
FUOM,1
GCFC2,1
HABP2,1
LAMB1,1
MANBA,1
MED28,1
MGAT4B,1
NDUFA6,1
NOTCH3,1
VAX1,1
USP11,1
TMUB2,1
OPN1LW,1
EGFL7,1
GTF2I,1
IL3,1
LAMC3,1
LEP,1
LMOD2,1
MAGEA2,1
OR7G2,1
SSBP2,1
PAQR8,1
PODXL,1
POLR2J3,1
PPP1R2,1
RNF139,1
SGCZ,1
SMTN,1
OR52N1,1
SMIM11,1
DLX5,1
RAPGEF3,1
CAMTA2,1
CD180,1
COPG2,1
DHX8,1
DRD5,1
DYSF,1
ERCC2,1
FBXW11,1
FMO1,1
GMCL1,1
IBSP,1
LPAR4,1
LPCAT3,1
MFSD4,1
NEU2,1
OR1Q1,1
OR5T3,1
ZNF263,1
WDR31,1
VEGFB,1
MOSPD2,1
CYP2C19,1
DIO3,1
FAXC,1
GABRG3,1
JUN,1
KIAA1217,1
MMP17,1
NOP56,1
TYK2,1
OR8J3,1
PIK3IP1,1
RAB40C,1
RNF122,1
SMARCB1,1
TBCK,1
TPD52L1,1
PFN3,1
REG3A,1
C9,1
RGS2,1
PHTF1,1
PRKG2,1
PRR25,1
SEMA3D,1
TCEB1,1
XIRP2,1
ZNF614,1
AC007216.2,1
AC099344.1,1
ACOX3,1
AL135998.1,1
BPIFA1,1
C16orf80,1
CACNG1,1
CCDC93,1
CLLU1,1
CTD-2370N5.3,1
PCDHGC3,1
NEUROD6,1
ITM2C,1
ATP10B,1
RP11-114H20.1,1
RP11-187E13.1,1
TNFRSF17,1
TSPAN8,1
AC009365.3,1
AL031666.2,1
ALOX12,1
BAX,1
IDH3B,1
CARD16,1
CCNH,1
CLNK,1
FAM189B,1
FBXL8,1
FSBP,1
HIGD1C,1
CTC-260F20.3,1
AL590483.1,1
SPG20,1
EDEM1,1
RFX2,1
RP11-571M6.15,1
SMIM14,1
SRD5A1,1
STK17A,1
TMEM213,1
TMEM223,1
ZBTB14,1
ZNF174,1
AC013469.1,1
ASPHD1,1
C4orf17,1
CASP4,1
CLDN16,1
CPM,1
CSRNP3,1
DCLK1,1
RASSF2,1
PAPLN,1
OR5P3,1
CHRFAM7A,1
SSC5D,1
TMPRSS7,1
UBL4A,1
WDR81,1
AC003006.7,1
AC007965.1,1
C11orf48,1
DSCR4,1
OR13H1,1
ELMOD1,1
EME1,1
ESCO2,1
FAM109B,1
GTF2F2,1
LARGE,1
M6PR,1
DZANK1,1
FAM117A,1
ADAMTS4,1
IRF7,1
NIT2,1
OR5K4,1
OSBPL6,1
PRDM13,1
PSMD4,1
RP11-268J15.5,1
RP11-332O19.5,1
RP1L1,1
SCUBE2,1
SEC14L3,1
SENP3,1
SFMBT2,1
SFR1,1
SLC35D1,1
SSMEM1,1
ZNF445,1
ACTL7A,1
MYH4,1
IL17C,1
HSD17B1,1
NXPE1,1
KIAA0922,1
LMO7,1
MCM10,1
MIS12,1
MRPL13,1
NDUFB6,1
NPVF,1
OGG1,1
GZMH,1
PCDHGA1,1
RBBP8,1
STAB2,1
C1QTNF8,1
CTSA,1
EIF1,1
FKSG61,1
ZNF536,1
